response,cut_num,num_vars,corr_total,corr_avg,corr_median,corr_count_gt05,corr_percent_gt05,corr_count_gt07,corr_percent_gt07,corr_count_gt09,corr_percent_gt09
DECIDUOUS_SHRUBS_corr,0,60,3540,0.222426966,0.187311929,280,0.079096045,0,0,0,0
DECIDUOUS_SHRUBS_corr,1,60,3540,0.222426966,0.187311929,280,0.079096045,0,0,0,0
DECIDUOUS_SHRUBS_corr,2,58,3306,0.22162589,0.184021971,262,0.079249849,0,0,0,0
DECIDUOUS_SHRUBS_corr,3,46,2070,0.233427524,0.195609692,192,0.092753623,0,0,0,0
DECIDUOUS_SHRUBS_corr,4,40,1560,0.247242617,0.211812655,184,0.117948718,0,0,0,0
DECIDUOUS_SHRUBS_corr,5,35,1190,0.250817466,0.217323288,140,0.117647059,0,0,0,0
DECIDUOUS_SHRUBS_corr,6,28,756,0.262875684,0.235257817,98,0.12962963,0,0,0,0
DECIDUOUS_SHRUBS_corr,7,26,650,0.263080441,0.223630507,82,0.126153846,0,0,0,0
DECIDUOUS_SHRUBS_corr,8,22,462,0.262613819,0.218987494,56,0.121212121,0,0,0,0
DECIDUOUS_SHRUBS_corr,9,19,342,0.292018907,0.269480929,56,0.16374269,0,0,0,0
DECIDUOUS_SHRUBS_corr,10,17,272,0.309674341,0.312968398,52,0.191176471,0,0,0,0
DECIDUOUS_SHRUBS_corr,11,15,210,0.309585935,0.302680362,38,0.180952381,0,0,0,0
DECIDUOUS_SHRUBS_corr,12,15,210,0.309585935,0.302680362,38,0.180952381,0,0,0,0
DECIDUOUS_SHRUBS_corr,13,15,210,0.309585935,0.302680362,38,0.180952381,0,0,0,0
DECIDUOUS_SHRUBS_corr,14,14,182,0.307561557,0.284743576,36,0.197802198,0,0,0,0
DECIDUOUS_SHRUBS_corr,15,12,132,0.310211084,0.286006811,28,0.212121212,0,0,0,0
DECIDUOUS_SHRUBS_corr,16,11,110,0.30909223,0.271688206,24,0.218181818,0,0,0,0
DECIDUOUS_SHRUBS_corr,17,11,110,0.30909223,0.271688206,24,0.218181818,0,0,0,0
DECIDUOUS_SHRUBS_corr,18,10,90,0.322703209,0.271688206,24,0.266666667,0,0,0,0
DECIDUOUS_SHRUBS_corr,19,9,72,0.325081471,0.274063141,18,0.25,0,0,0,0
DECIDUOUS_SHRUBS_corr,20,8,56,0.343900452,0.295516529,16,0.285714286,0,0,0,0
DECIDUOUS_SHRUBS_corr,21,7,42,0.355603023,0.314594983,12,0.285714286,0,0,0,0
DECIDUOUS_SHRUBS_corr,22,7,42,0.355603023,0.314594983,12,0.285714286,0,0,0,0
DECIDUOUS_SHRUBS_corr,23,6,30,0.364186677,0.276438075,10,0.333333333,0,0,0,0
DECIDUOUS_SHRUBS_corr,24,5,20,0.425305145,0.420300243,8,0.4,0,0,0,0
DECIDUOUS_SHRUBS_corr,25,5,20,0.425305145,0.420300243,8,0.4,0,0,0,0
DECIDUOUS_SHRUBS_corr,26,5,20,0.425305145,0.420300243,8,0.4,0,0,0,0
DECIDUOUS_SHRUBS_corr,27,5,20,0.425305145,0.420300243,8,0.4,0,0,0,0
DECIDUOUS_SHRUBS_corr,28,5,20,0.425305145,0.420300243,8,0.4,0,0,0,0
DECIDUOUS_SHRUBS_corr,29,5,20,0.425305145,0.420300243,8,0.4,0,0,0,0
DECIDUOUS_SHRUBS_corr,30,5,20,0.425305145,0.420300243,8,0.4,0,0,0,0
DECIDUOUS_SHRUBS_corr,31,5,20,0.425305145,0.420300243,8,0.4,0,0,0,0
DECIDUOUS_SHRUBS_corr,32,5,20,0.425305145,0.420300243,8,0.4,0,0,0,0
DECIDUOUS_SHRUBS_corr,33,4,12,0.387790033,0.345983746,4,0.333333333,0,0,0,0
DECIDUOUS_SHRUBS_corr,34,4,12,0.387790033,0.345983746,4,0.333333333,0,0,0,0
DECIDUOUS_SHRUBS_corr,35,4,12,0.387790033,0.345983746,4,0.333333333,0,0,0,0
DECIDUOUS_SHRUBS_corr,36,4,12,0.387790033,0.345983746,4,0.333333333,0,0,0,0
DECIDUOUS_SHRUBS_corr,37,4,12,0.387790033,0.345983746,4,0.333333333,0,0,0,0
DECIDUOUS_SHRUBS_corr,38,4,12,0.387790033,0.345983746,4,0.333333333,0,0,0,0
DECIDUOUS_SHRUBS_corr,39,4,12,0.387790033,0.345983746,4,0.333333333,0,0,0,0
DECIDUOUS_SHRUBS_corr,40,4,12,0.387790033,0.345983746,4,0.333333333,0,0,0,0
DECIDUOUS_SHRUBS_corr,41,4,12,0.387790033,0.345983746,4,0.333333333,0,0,0,0
DECIDUOUS_SHRUBS_corr,42,4,12,0.387790033,0.345983746,4,0.333333333,0,0,0,0
DECIDUOUS_SHRUBS_corr,43,4,12,0.387790033,0.345983746,4,0.333333333,0,0,0,0
DECIDUOUS_SHRUBS_corr,44,4,12,0.387790033,0.345983746,4,0.333333333,0,0,0,0
DECIDUOUS_SHRUBS_corr,45,4,12,0.387790033,0.345983746,4,0.333333333,0,0,0,0
DECIDUOUS_SHRUBS_corr,46,4,12,0.387790033,0.345983746,4,0.333333333,0,0,0,0
DECIDUOUS_SHRUBS_corr,47,4,12,0.387790033,0.345983746,4,0.333333333,0,0,0,0
DECIDUOUS_SHRUBS_corr,48,4,12,0.387790033,0.345983746,4,0.333333333,0,0,0,0
DECIDUOUS_SHRUBS_corr,49,4,12,0.387790033,0.345983746,4,0.333333333,0,0,0,0
DECIDUOUS_SHRUBS_corr,50,4,12,0.387790033,0.345983746,4,0.333333333,0,0,0,0
DECIDUOUS_SHRUBS_corr,51,4,12,0.387790033,0.345983746,4,0.333333333,0,0,0,0
DECIDUOUS_SHRUBS_corr,52,4,12,0.387790033,0.345983746,4,0.333333333,0,0,0,0
DECIDUOUS_SHRUBS_corr,53,4,12,0.387790033,0.345983746,4,0.333333333,0,0,0,0
DECIDUOUS_SHRUBS_corr,54,4,12,0.387790033,0.345983746,4,0.333333333,0,0,0,0
DECIDUOUS_SHRUBS_corr,55,4,12,0.387790033,0.345983746,4,0.333333333,0,0,0,0
DECIDUOUS_SHRUBS_corr,56,4,12,0.387790033,0.345983746,4,0.333333333,0,0,0,0
DECIDUOUS_SHRUBS_corr,57,4,12,0.387790033,0.345983746,4,0.333333333,0,0,0,0
DECIDUOUS_SHRUBS_corr,58,4,12,0.387790033,0.345983746,4,0.333333333,0,0,0,0
DECIDUOUS_SHRUBS_corr,59,3,6,0.571677125,0.640540773,4,0.666666667,0,0,0,0
DECIDUOUS_SHRUBS_corr,60,3,6,0.571677125,0.640540773,4,0.666666667,0,0,0,0
DECIDUOUS_SHRUBS_corr,61,3,6,0.571677125,0.640540773,4,0.666666667,0,0,0,0
DECIDUOUS_SHRUBS_corr,62,3,6,0.571677125,0.640540773,4,0.666666667,0,0,0,0
DECIDUOUS_SHRUBS_corr,63,3,6,0.571677125,0.640540773,4,0.666666667,0,0,0,0
DECIDUOUS_SHRUBS_corr,64,3,6,0.571677125,0.640540773,4,0.666666667,0,0,0,0
DECIDUOUS_SHRUBS_corr,65,3,6,0.571677125,0.640540773,4,0.666666667,0,0,0,0
DECIDUOUS_SHRUBS_corr,66,2,2,0.640540773,0.640540773,2,1,0,0,0,0
DECIDUOUS_SHRUBS_corr,67,2,2,0.640540773,0.640540773,2,1,0,0,0,0
DECIDUOUS_SHRUBS_corr,68,2,2,0.640540773,0.640540773,2,1,0,0,0,0
DECIDUOUS_SHRUBS_corr,69,2,2,0.640540773,0.640540773,2,1,0,0,0,0
EVERGREEN_SHRUBS_corr,0,59,3422,0.226800597,0.193161314,268,0.078316774,0,0,0,0
EVERGREEN_SHRUBS_corr,1,59,3422,0.226800597,0.193161314,268,0.078316774,0,0,0,0
EVERGREEN_SHRUBS_corr,2,58,3306,0.228234866,0.193084479,266,0.08045977,0,0,0,0
EVERGREEN_SHRUBS_corr,3,47,2162,0.236477727,0.200801274,196,0.090656799,0,0,0,0
EVERGREEN_SHRUBS_corr,4,42,1722,0.244543368,0.2145679,174,0.101045296,0,0,0,0
EVERGREEN_SHRUBS_corr,5,35,1190,0.24232649,0.208082129,116,0.097478992,0,0,0,0
EVERGREEN_SHRUBS_corr,6,28,756,0.252124711,0.217297495,90,0.119047619,0,0,0,0
EVERGREEN_SHRUBS_corr,7,26,650,0.257755352,0.22698875,82,0.126153846,0,0,0,0
EVERGREEN_SHRUBS_corr,8,23,506,0.259725025,0.236121576,64,0.126482213,0,0,0,0
EVERGREEN_SHRUBS_corr,9,20,380,0.264288243,0.242854964,46,0.121052632,0,0,0,0
EVERGREEN_SHRUBS_corr,10,18,306,0.270612381,0.236523272,48,0.156862745,0,0,0,0
EVERGREEN_SHRUBS_corr,11,15,210,0.276861408,0.238865964,34,0.161904762,0,0,0,0
EVERGREEN_SHRUBS_corr,12,15,210,0.276861408,0.238865964,34,0.161904762,0,0,0,0
EVERGREEN_SHRUBS_corr,13,15,210,0.276861408,0.238865964,34,0.161904762,0,0,0,0
EVERGREEN_SHRUBS_corr,14,13,156,0.277321226,0.257055242,28,0.179487179,0,0,0,0
EVERGREEN_SHRUBS_corr,15,11,110,0.264185879,0.238865964,18,0.163636364,0,0,0,0
EVERGREEN_SHRUBS_corr,16,11,110,0.264185879,0.238865964,18,0.163636364,0,0,0,0
EVERGREEN_SHRUBS_corr,17,11,110,0.264185879,0.238865964,18,0.163636364,0,0,0,0
EVERGREEN_SHRUBS_corr,18,10,90,0.28056569,0.2707835,18,0.2,0,0,0,0
EVERGREEN_SHRUBS_corr,19,9,72,0.267159866,0.213452654,14,0.194444444,0,0,0,0
EVERGREEN_SHRUBS_corr,20,8,56,0.268770976,0.200083893,12,0.214285714,0,0,0,0
EVERGREEN_SHRUBS_corr,21,7,42,0.271637915,0.186860543,10,0.238095238,0,0,0,0
EVERGREEN_SHRUBS_corr,22,7,42,0.271637915,0.186860543,10,0.238095238,0,0,0,0
EVERGREEN_SHRUBS_corr,23,6,30,0.338688973,0.41693255,10,0.333333333,0,0,0,0
EVERGREEN_SHRUBS_corr,24,5,20,0.300936744,0.263872985,6,0.3,0,0,0,0
EVERGREEN_SHRUBS_corr,25,5,20,0.300936744,0.263872985,6,0.3,0,0,0,0
EVERGREEN_SHRUBS_corr,26,5,20,0.300936744,0.263872985,6,0.3,0,0,0,0
EVERGREEN_SHRUBS_corr,27,5,20,0.300936744,0.263872985,6,0.3,0,0,0,0
EVERGREEN_SHRUBS_corr,28,5,20,0.300936744,0.263872985,6,0.3,0,0,0,0
EVERGREEN_SHRUBS_corr,29,5,20,0.300936744,0.263872985,6,0.3,0,0,0,0
EVERGREEN_SHRUBS_corr,30,5,20,0.300936744,0.263872985,6,0.3,0,0,0,0
EVERGREEN_SHRUBS_corr,31,5,20,0.300936744,0.263872985,6,0.3,0,0,0,0
EVERGREEN_SHRUBS_corr,32,5,20,0.300936744,0.263872985,6,0.3,0,0,0,0
EVERGREEN_SHRUBS_corr,33,4,12,0.329615185,0.367225966,4,0.333333333,0,0,0,0
EVERGREEN_SHRUBS_corr,34,4,12,0.329615185,0.367225966,4,0.333333333,0,0,0,0
EVERGREEN_SHRUBS_corr,35,4,12,0.329615185,0.367225966,4,0.333333333,0,0,0,0
EVERGREEN_SHRUBS_corr,36,4,12,0.329615185,0.367225966,4,0.333333333,0,0,0,0
EVERGREEN_SHRUBS_corr,37,4,12,0.329615185,0.367225966,4,0.333333333,0,0,0,0
EVERGREEN_SHRUBS_corr,38,4,12,0.329615185,0.367225966,4,0.333333333,0,0,0,0
EVERGREEN_SHRUBS_corr,39,4,12,0.329615185,0.367225966,4,0.333333333,0,0,0,0
EVERGREEN_SHRUBS_corr,40,4,12,0.329615185,0.367225966,4,0.333333333,0,0,0,0
EVERGREEN_SHRUBS_corr,41,4,12,0.329615185,0.367225966,4,0.333333333,0,0,0,0
EVERGREEN_SHRUBS_corr,42,4,12,0.329615185,0.367225966,4,0.333333333,0,0,0,0
EVERGREEN_SHRUBS_corr,43,4,12,0.329615185,0.367225966,4,0.333333333,0,0,0,0
EVERGREEN_SHRUBS_corr,44,4,12,0.329615185,0.367225966,4,0.333333333,0,0,0,0
EVERGREEN_SHRUBS_corr,45,4,12,0.329615185,0.367225966,4,0.333333333,0,0,0,0
EVERGREEN_SHRUBS_corr,46,4,12,0.329615185,0.367225966,4,0.333333333,0,0,0,0
EVERGREEN_SHRUBS_corr,47,4,12,0.329615185,0.367225966,4,0.333333333,0,0,0,0
EVERGREEN_SHRUBS_corr,48,4,12,0.329615185,0.367225966,4,0.333333333,0,0,0,0
EVERGREEN_SHRUBS_corr,49,4,12,0.329615185,0.367225966,4,0.333333333,0,0,0,0
EVERGREEN_SHRUBS_corr,50,4,12,0.329615185,0.367225966,4,0.333333333,0,0,0,0
EVERGREEN_SHRUBS_corr,51,4,12,0.329615185,0.367225966,4,0.333333333,0,0,0,0
EVERGREEN_SHRUBS_corr,52,4,12,0.329615185,0.367225966,4,0.333333333,0,0,0,0
EVERGREEN_SHRUBS_corr,53,4,12,0.329615185,0.367225966,4,0.333333333,0,0,0,0
EVERGREEN_SHRUBS_corr,54,4,12,0.329615185,0.367225966,4,0.333333333,0,0,0,0
EVERGREEN_SHRUBS_corr,55,4,12,0.329615185,0.367225966,4,0.333333333,0,0,0,0
EVERGREEN_SHRUBS_corr,56,4,12,0.329615185,0.367225966,4,0.333333333,0,0,0,0
EVERGREEN_SHRUBS_corr,57,4,12,0.329615185,0.367225966,4,0.333333333,0,0,0,0
EVERGREEN_SHRUBS_corr,58,4,12,0.329615185,0.367225966,4,0.333333333,0,0,0,0
EVERGREEN_SHRUBS_corr,59,3,6,0.407836905,0.503240708,4,0.666666667,0,0,0,0
EVERGREEN_SHRUBS_corr,60,3,6,0.407836905,0.503240708,4,0.666666667,0,0,0,0
EVERGREEN_SHRUBS_corr,61,3,6,0.407836905,0.503240708,4,0.666666667,0,0,0,0
EVERGREEN_SHRUBS_corr,62,3,6,0.407836905,0.503240708,4,0.666666667,0,0,0,0
EVERGREEN_SHRUBS_corr,63,3,6,0.407836905,0.503240708,4,0.666666667,0,0,0,0
EVERGREEN_SHRUBS_corr,64,3,6,0.407836905,0.503240708,4,0.666666667,0,0,0,0
EVERGREEN_SHRUBS_corr,65,3,6,0.407836905,0.503240708,4,0.666666667,0,0,0,0
EVERGREEN_SHRUBS_corr,66,2,2,0.503240708,0.503240708,2,1,0,0,0,0
EVERGREEN_SHRUBS_corr,67,2,2,0.503240708,0.503240708,2,1,0,0,0,0
EVERGREEN_SHRUBS_corr,68,2,2,0.503240708,0.503240708,2,1,0,0,0,0
EVERGREEN_SHRUBS_corr,69,2,2,0.503240708,0.503240708,2,1,0,0,0,0
FORBS_corr,0,62,3782,0.231425983,0.199457434,334,0.088313062,0,0,0,0
FORBS_corr,1,62,3782,0.231425983,0.199457434,334,0.088313062,0,0,0,0
FORBS_corr,2,62,3782,0.231425983,0.199457434,334,0.088313062,0,0,0,0
FORBS_corr,3,55,2970,0.239176932,0.205362851,288,0.096969697,0,0,0,0
FORBS_corr,4,45,1980,0.247413989,0.21413014,224,0.113131313,0,0,0,0
FORBS_corr,5,40,1560,0.24353149,0.208166603,176,0.112820513,0,0,0,0
FORBS_corr,6,33,1056,0.2557986,0.224309953,132,0.125,0,0,0,0
FORBS_corr,7,30,870,0.271332186,0.237920027,124,0.142528736,0,0,0,0
FORBS_corr,8,25,600,0.267699176,0.235984871,92,0.153333333,0,0,0,0
FORBS_corr,9,22,462,0.28242437,0.255311925,88,0.19047619,0,0,0,0
FORBS_corr,10,19,342,0.293768152,0.272411713,74,0.216374269,0,0,0,0
FORBS_corr,11,16,240,0.308794339,0.276541616,60,0.25,0,0,0,0
FORBS_corr,12,16,240,0.308794339,0.276541616,60,0.25,0,0,0,0
FORBS_corr,13,16,240,0.308794339,0.276541616,60,0.25,0,0,0,0
FORBS_corr,14,14,182,0.317412544,0.274516461,46,0.252747253,0,0,0,0
FORBS_corr,15,12,132,0.327940814,0.279859935,34,0.257575758,0,0,0,0
FORBS_corr,16,11,110,0.328709325,0.27952304,30,0.272727273,0,0,0,0
FORBS_corr,17,11,110,0.328709325,0.27952304,30,0.272727273,0,0,0,0
FORBS_corr,18,10,90,0.369729719,0.322150066,30,0.333333333,0,0,0,0
FORBS_corr,19,9,72,0.385819268,0.412351337,30,0.416666667,0,0,0,0
FORBS_corr,20,8,56,0.409071011,0.43168484,26,0.464285714,0,0,0,0
FORBS_corr,21,7,42,0.399483152,0.414649858,18,0.428571429,0,0,0,0
FORBS_corr,22,7,42,0.399483152,0.414649858,18,0.428571429,0,0,0,0
FORBS_corr,23,6,30,0.465179441,0.507390883,16,0.533333333,0,0,0,0
FORBS_corr,24,5,20,0.486323537,0.584950343,12,0.6,0,0,0,0
FORBS_corr,25,5,20,0.486323537,0.584950343,12,0.6,0,0,0,0
FORBS_corr,26,5,20,0.486323537,0.584950343,12,0.6,0,0,0,0
FORBS_corr,27,5,20,0.486323537,0.584950343,12,0.6,0,0,0,0
FORBS_corr,28,5,20,0.486323537,0.584950343,12,0.6,0,0,0,0
FORBS_corr,29,5,20,0.486323537,0.584950343,12,0.6,0,0,0,0
FORBS_corr,30,5,20,0.486323537,0.584950343,12,0.6,0,0,0,0
FORBS_corr,31,5,20,0.486323537,0.584950343,12,0.6,0,0,0,0
FORBS_corr,32,5,20,0.486323537,0.584950343,12,0.6,0,0,0,0
FORBS_corr,33,4,12,0.44672815,0.445424494,6,0.5,0,0,0,0
FORBS_corr,34,4,12,0.44672815,0.445424494,6,0.5,0,0,0,0
FORBS_corr,35,4,12,0.44672815,0.445424494,6,0.5,0,0,0,0
FORBS_corr,36,4,12,0.44672815,0.445424494,6,0.5,0,0,0,0
FORBS_corr,37,4,12,0.44672815,0.445424494,6,0.5,0,0,0,0
FORBS_corr,38,4,12,0.44672815,0.445424494,6,0.5,0,0,0,0
FORBS_corr,39,4,12,0.44672815,0.445424494,6,0.5,0,0,0,0
FORBS_corr,40,4,12,0.44672815,0.445424494,6,0.5,0,0,0,0
FORBS_corr,41,4,12,0.44672815,0.445424494,6,0.5,0,0,0,0
FORBS_corr,42,4,12,0.44672815,0.445424494,6,0.5,0,0,0,0
FORBS_corr,43,4,12,0.44672815,0.445424494,6,0.5,0,0,0,0
FORBS_corr,44,4,12,0.44672815,0.445424494,6,0.5,0,0,0,0
FORBS_corr,45,4,12,0.44672815,0.445424494,6,0.5,0,0,0,0
FORBS_corr,46,4,12,0.44672815,0.445424494,6,0.5,0,0,0,0
FORBS_corr,47,4,12,0.44672815,0.445424494,6,0.5,0,0,0,0
FORBS_corr,48,4,12,0.44672815,0.445424494,6,0.5,0,0,0,0
FORBS_corr,49,4,12,0.44672815,0.445424494,6,0.5,0,0,0,0
FORBS_corr,50,4,12,0.44672815,0.445424494,6,0.5,0,0,0,0
FORBS_corr,51,4,12,0.44672815,0.445424494,6,0.5,0,0,0,0
FORBS_corr,52,4,12,0.44672815,0.445424494,6,0.5,0,0,0,0
FORBS_corr,53,4,12,0.44672815,0.445424494,6,0.5,0,0,0,0
FORBS_corr,54,4,12,0.44672815,0.445424494,6,0.5,0,0,0,0
FORBS_corr,55,4,12,0.44672815,0.445424494,6,0.5,0,0,0,0
FORBS_corr,56,4,12,0.44672815,0.445424494,6,0.5,0,0,0,0
FORBS_corr,57,4,12,0.44672815,0.445424494,6,0.5,0,0,0,0
FORBS_corr,58,4,12,0.44672815,0.445424494,6,0.5,0,0,0,0
FORBS_corr,59,3,6,0.621425655,0.60742259,6,1,0,0,0,0
FORBS_corr,60,3,6,0.621425655,0.60742259,6,1,0,0,0,0
FORBS_corr,61,3,6,0.621425655,0.60742259,6,1,0,0,0,0
FORBS_corr,62,3,6,0.621425655,0.60742259,6,1,0,0,0,0
FORBS_corr,63,3,6,0.621425655,0.60742259,6,1,0,0,0,0
FORBS_corr,64,3,6,0.621425655,0.60742259,6,1,0,0,0,0
FORBS_corr,65,3,6,0.621425655,0.60742259,6,1,0,0,0,0
FORBS_corr,66,2,2,0.584187178,0.584187178,2,1,0,0,0,0
FORBS_corr,67,2,2,0.584187178,0.584187178,2,1,0,0,0,0
FORBS_corr,68,2,2,0.584187178,0.584187178,2,1,0,0,0,0
FORBS_corr,69,2,2,0.584187178,0.584187178,2,1,0,0,0,0
GRAMINOIDS_corr,0,57,3192,0.22506432,0.191680378,228,0.071428571,0,0,0,0
GRAMINOIDS_corr,1,57,3192,0.22506432,0.191680378,228,0.071428571,0,0,0,0
GRAMINOIDS_corr,2,57,3192,0.227967196,0.191502231,248,0.077694236,0,0,0,0
GRAMINOIDS_corr,3,47,2162,0.24301418,0.215052817,210,0.097132285,0,0,0,0
GRAMINOIDS_corr,4,40,1560,0.256653562,0.229189256,180,0.115384615,0,0,0,0
GRAMINOIDS_corr,5,36,1260,0.262325832,0.238543242,150,0.119047619,0,0,0,0
GRAMINOIDS_corr,6,28,756,0.275611432,0.256769912,110,0.145502646,0,0,0,0
GRAMINOIDS_corr,7,25,600,0.287601551,0.266571102,98,0.163333333,0,0,0,0
GRAMINOIDS_corr,8,22,462,0.286177869,0.268406977,62,0.134199134,0,0,0,0
GRAMINOIDS_corr,9,20,380,0.29995562,0.284511711,60,0.157894737,0,0,0,0
GRAMINOIDS_corr,10,18,306,0.310060306,0.299921507,54,0.176470588,0,0,0,0
GRAMINOIDS_corr,11,16,240,0.321842923,0.320664543,48,0.2,0,0,0,0
GRAMINOIDS_corr,12,16,240,0.321842923,0.320664543,48,0.2,0,0,0,0
GRAMINOIDS_corr,13,16,240,0.321842923,0.320664543,48,0.2,0,0,0,0
GRAMINOIDS_corr,14,14,182,0.338780836,0.357322559,46,0.252747253,0,0,0,0
GRAMINOIDS_corr,15,12,132,0.366114135,0.380717187,34,0.257575758,0,0,0,0
GRAMINOIDS_corr,16,11,110,0.381772828,0.412914717,28,0.254545455,0,0,0,0
GRAMINOIDS_corr,17,11,110,0.381772828,0.412914717,28,0.254545455,0,0,0,0
GRAMINOIDS_corr,18,10,90,0.385612202,0.432029789,26,0.288888889,0,0,0,0
GRAMINOIDS_corr,19,9,72,0.378148551,0.409400646,22,0.305555556,0,0,0,0
GRAMINOIDS_corr,20,8,56,0.382559805,0.410907966,16,0.285714286,0,0,0,0
GRAMINOIDS_corr,21,7,42,0.35030905,0.346164467,10,0.238095238,0,0,0,0
GRAMINOIDS_corr,22,7,42,0.35030905,0.346164467,10,0.238095238,0,0,0,0
GRAMINOIDS_corr,23,6,30,0.39279659,0.362203331,10,0.333333333,0,0,0,0
GRAMINOIDS_corr,24,5,20,0.409926296,0.406762941,8,0.4,0,0,0,0
GRAMINOIDS_corr,25,5,20,0.409926296,0.406762941,8,0.4,0,0,0,0
GRAMINOIDS_corr,26,5,20,0.409926296,0.406762941,8,0.4,0,0,0,0
GRAMINOIDS_corr,27,5,20,0.409926296,0.406762941,8,0.4,0,0,0,0
GRAMINOIDS_corr,28,5,20,0.409926296,0.406762941,8,0.4,0,0,0,0
GRAMINOIDS_corr,29,5,20,0.409926296,0.406762941,8,0.4,0,0,0,0
GRAMINOIDS_corr,30,5,20,0.409926296,0.406762941,8,0.4,0,0,0,0
GRAMINOIDS_corr,31,5,20,0.409926296,0.406762941,8,0.4,0,0,0,0
GRAMINOIDS_corr,32,5,20,0.409926296,0.406762941,8,0.4,0,0,0,0
GRAMINOIDS_corr,33,4,12,0.528519872,0.545628972,8,0.666666667,0,0,0,0
GRAMINOIDS_corr,34,4,12,0.528519872,0.545628972,8,0.666666667,0,0,0,0
GRAMINOIDS_corr,35,4,12,0.528519872,0.545628972,8,0.666666667,0,0,0,0
GRAMINOIDS_corr,36,4,12,0.528519872,0.545628972,8,0.666666667,0,0,0,0
GRAMINOIDS_corr,37,4,12,0.528519872,0.545628972,8,0.666666667,0,0,0,0
GRAMINOIDS_corr,38,4,12,0.528519872,0.545628972,8,0.666666667,0,0,0,0
GRAMINOIDS_corr,39,4,12,0.528519872,0.545628972,8,0.666666667,0,0,0,0
GRAMINOIDS_corr,40,4,12,0.528519872,0.545628972,8,0.666666667,0,0,0,0
GRAMINOIDS_corr,41,4,12,0.528519872,0.545628972,8,0.666666667,0,0,0,0
GRAMINOIDS_corr,42,4,12,0.528519872,0.545628972,8,0.666666667,0,0,0,0
GRAMINOIDS_corr,43,4,12,0.528519872,0.545628972,8,0.666666667,0,0,0,0
GRAMINOIDS_corr,44,4,12,0.528519872,0.545628972,8,0.666666667,0,0,0,0
GRAMINOIDS_corr,45,4,12,0.528519872,0.545628972,8,0.666666667,0,0,0,0
GRAMINOIDS_corr,46,4,12,0.528519872,0.545628972,8,0.666666667,0,0,0,0
GRAMINOIDS_corr,47,4,12,0.528519872,0.545628972,8,0.666666667,0,0,0,0
GRAMINOIDS_corr,48,4,12,0.528519872,0.545628972,8,0.666666667,0,0,0,0
GRAMINOIDS_corr,49,4,12,0.528519872,0.545628972,8,0.666666667,0,0,0,0
GRAMINOIDS_corr,50,4,12,0.528519872,0.545628972,8,0.666666667,0,0,0,0
GRAMINOIDS_corr,51,4,12,0.528519872,0.545628972,8,0.666666667,0,0,0,0
GRAMINOIDS_corr,52,4,12,0.528519872,0.545628972,8,0.666666667,0,0,0,0
GRAMINOIDS_corr,53,4,12,0.528519872,0.545628972,8,0.666666667,0,0,0,0
GRAMINOIDS_corr,54,4,12,0.528519872,0.545628972,8,0.666666667,0,0,0,0
GRAMINOIDS_corr,55,4,12,0.528519872,0.545628972,8,0.666666667,0,0,0,0
GRAMINOIDS_corr,56,4,12,0.528519872,0.545628972,8,0.666666667,0,0,0,0
GRAMINOIDS_corr,57,4,12,0.528519872,0.545628972,8,0.666666667,0,0,0,0
GRAMINOIDS_corr,58,4,12,0.528519872,0.545628972,8,0.666666667,0,0,0,0
GRAMINOIDS_corr,59,3,6,0.628680074,0.648737941,6,1,0,0,0,0
GRAMINOIDS_corr,60,3,6,0.628680074,0.648737941,6,1,0,0,0,0
GRAMINOIDS_corr,61,3,6,0.628680074,0.648737941,6,1,0,0,0,0
GRAMINOIDS_corr,62,3,6,0.628680074,0.648737941,6,1,0,0,0,0
GRAMINOIDS_corr,63,3,6,0.628680074,0.648737941,6,1,0,0,0,0
GRAMINOIDS_corr,64,3,6,0.628680074,0.648737941,6,1,0,0,0,0
GRAMINOIDS_corr,65,3,6,0.628680074,0.648737941,6,1,0,0,0,0
GRAMINOIDS_corr,66,2,2,0.578098272,0.578098272,2,1,0,0,0,0
GRAMINOIDS_corr,67,2,2,0.578098272,0.578098272,2,1,0,0,0,0
GRAMINOIDS_corr,68,2,2,0.578098272,0.578098272,2,1,0,0,0,0
GRAMINOIDS_corr,69,2,2,0.578098272,0.578098272,2,1,0,0,0,0
LICHENS_corr,0,59,3422,0.229864032,0.197165683,296,0.086499123,0,0,0,0
LICHENS_corr,1,59,3422,0.229864032,0.197165683,296,0.086499123,0,0,0,0
LICHENS_corr,2,56,3080,0.227731352,0.195294057,260,0.084415584,0,0,0,0
LICHENS_corr,3,48,2256,0.238533972,0.209144498,220,0.09751773,0,0,0,0
LICHENS_corr,4,39,1482,0.25476109,0.218687118,190,0.128205128,0,0,0,0
LICHENS_corr,5,35,1190,0.251137404,0.217391704,138,0.115966387,0,0,0,0
LICHENS_corr,6,29,812,0.257656685,0.228492704,110,0.13546798,0,0,0,0
LICHENS_corr,7,26,650,0.275321902,0.250662651,98,0.150769231,0,0,0,0
LICHENS_corr,8,23,506,0.284390398,0.25857867,86,0.169960474,0,0,0,0
LICHENS_corr,9,21,420,0.302749806,0.266571361,84,0.2,0,0,0,0
LICHENS_corr,10,18,306,0.318864057,0.287453826,72,0.235294118,0,0,0,0
LICHENS_corr,11,16,240,0.317241777,0.276726039,54,0.225,0,0,0,0
LICHENS_corr,12,16,240,0.317241777,0.276726039,54,0.225,0,0,0,0
LICHENS_corr,13,16,240,0.317241777,0.276726039,54,0.225,0,0,0,0
LICHENS_corr,14,14,182,0.328277701,0.29043279,46,0.252747253,0,0,0,0
LICHENS_corr,15,12,132,0.345651159,0.327211626,36,0.272727273,0,0,0,0
LICHENS_corr,16,11,110,0.352099668,0.328225729,32,0.290909091,0,0,0,0
LICHENS_corr,17,11,110,0.352099668,0.328225729,32,0.290909091,0,0,0,0
LICHENS_corr,18,10,90,0.37084365,0.37012993,30,0.333333333,0,0,0,0
LICHENS_corr,19,9,72,0.399837827,0.444737116,30,0.416666667,0,0,0,0
LICHENS_corr,20,8,56,0.39851551,0.439914698,20,0.357142857,0,0,0,0
LICHENS_corr,21,7,42,0.369570304,0.424632666,12,0.285714286,0,0,0,0
LICHENS_corr,22,7,42,0.369570304,0.424632666,12,0.285714286,0,0,0,0
LICHENS_corr,23,6,30,0.399314552,0.424632666,12,0.4,0,0,0,0
LICHENS_corr,24,5,20,0.407948184,0.45133878,8,0.4,0,0,0,0
LICHENS_corr,25,5,20,0.407948184,0.45133878,8,0.4,0,0,0,0
LICHENS_corr,26,5,20,0.407948184,0.45133878,8,0.4,0,0,0,0
LICHENS_corr,27,5,20,0.407948184,0.45133878,8,0.4,0,0,0,0
LICHENS_corr,28,5,20,0.407948184,0.45133878,8,0.4,0,0,0,0
LICHENS_corr,29,5,20,0.407948184,0.45133878,8,0.4,0,0,0,0
LICHENS_corr,30,5,20,0.407948184,0.45133878,8,0.4,0,0,0,0
LICHENS_corr,31,5,20,0.407948184,0.45133878,8,0.4,0,0,0,0
LICHENS_corr,32,5,20,0.407948184,0.45133878,8,0.4,0,0,0,0
LICHENS_corr,33,4,12,0.430732689,0.474949576,6,0.5,0,0,0,0
LICHENS_corr,34,4,12,0.430732689,0.474949576,6,0.5,0,0,0,0
LICHENS_corr,35,4,12,0.430732689,0.474949576,6,0.5,0,0,0,0
LICHENS_corr,36,4,12,0.430732689,0.474949576,6,0.5,0,0,0,0
LICHENS_corr,37,4,12,0.430732689,0.474949576,6,0.5,0,0,0,0
LICHENS_corr,38,4,12,0.430732689,0.474949576,6,0.5,0,0,0,0
LICHENS_corr,39,4,12,0.430732689,0.474949576,6,0.5,0,0,0,0
LICHENS_corr,40,4,12,0.430732689,0.474949576,6,0.5,0,0,0,0
LICHENS_corr,41,4,12,0.430732689,0.474949576,6,0.5,0,0,0,0
LICHENS_corr,42,4,12,0.430732689,0.474949576,6,0.5,0,0,0,0
LICHENS_corr,43,4,12,0.430732689,0.474949576,6,0.5,0,0,0,0
LICHENS_corr,44,4,12,0.430732689,0.474949576,6,0.5,0,0,0,0
LICHENS_corr,45,4,12,0.430732689,0.474949576,6,0.5,0,0,0,0
LICHENS_corr,46,4,12,0.430732689,0.474949576,6,0.5,0,0,0,0
LICHENS_corr,47,4,12,0.430732689,0.474949576,6,0.5,0,0,0,0
LICHENS_corr,48,4,12,0.430732689,0.474949576,6,0.5,0,0,0,0
LICHENS_corr,49,4,12,0.430732689,0.474949576,6,0.5,0,0,0,0
LICHENS_corr,50,4,12,0.430732689,0.474949576,6,0.5,0,0,0,0
LICHENS_corr,51,4,12,0.430732689,0.474949576,6,0.5,0,0,0,0
LICHENS_corr,52,4,12,0.430732689,0.474949576,6,0.5,0,0,0,0
LICHENS_corr,53,4,12,0.430732689,0.474949576,6,0.5,0,0,0,0
LICHENS_corr,54,4,12,0.430732689,0.474949576,6,0.5,0,0,0,0
LICHENS_corr,55,4,12,0.430732689,0.474949576,6,0.5,0,0,0,0
LICHENS_corr,56,4,12,0.430732689,0.474949576,6,0.5,0,0,0,0
LICHENS_corr,57,4,12,0.430732689,0.474949576,6,0.5,0,0,0,0
LICHENS_corr,58,4,12,0.430732689,0.474949576,6,0.5,0,0,0,0
LICHENS_corr,59,3,6,0.581219609,0.571377905,6,1,0,0,0,0
LICHENS_corr,60,3,6,0.581219609,0.571377905,6,1,0,0,0,0
LICHENS_corr,61,3,6,0.581219609,0.571377905,6,1,0,0,0,0
LICHENS_corr,62,3,6,0.581219609,0.571377905,6,1,0,0,0,0
LICHENS_corr,63,3,6,0.581219609,0.571377905,6,1,0,0,0,0
LICHENS_corr,64,3,6,0.581219609,0.571377905,6,1,0,0,0,0
LICHENS_corr,65,3,6,0.581219609,0.571377905,6,1,0,0,0,0
LICHENS_corr,66,2,2,0.647014434,0.647014434,2,1,0,0,0,0
LICHENS_corr,67,2,2,0.647014434,0.647014434,2,1,0,0,0,0
LICHENS_corr,68,2,2,0.647014434,0.647014434,2,1,0,0,0,0
LICHENS_corr,69,2,2,0.647014434,0.647014434,2,1,0,0,0,0
TOTAL_corr,0,63,3906,0.227848322,0.194288421,330,0.084485407,0,0,0,0
TOTAL_corr,1,63,3906,0.227848322,0.194288421,330,0.084485407,0,0,0,0
TOTAL_corr,2,62,3782,0.229035545,0.194522497,328,0.0867266,0,0,0,0
TOTAL_corr,3,50,2450,0.24082637,0.203207151,268,0.109387755,0,0,0,0
TOTAL_corr,4,43,1806,0.256191107,0.21775275,242,0.133997785,0,0,0,0
TOTAL_corr,5,37,1332,0.258473709,0.219597951,178,0.133633634,0,0,0,0
TOTAL_corr,6,29,812,0.255720852,0.214975721,118,0.145320197,0,0,0,0
TOTAL_corr,7,28,756,0.279878892,0.252539126,130,0.171957672,0,0,0,0
TOTAL_corr,8,25,600,0.280532334,0.254155088,106,0.176666667,0,0,0,0
TOTAL_corr,9,21,420,0.296500023,0.283380064,84,0.2,0,0,0,0
TOTAL_corr,10,18,306,0.296203667,0.284310278,64,0.209150327,0,0,0,0
TOTAL_corr,11,15,210,0.308738564,0.297752996,46,0.219047619,0,0,0,0
TOTAL_corr,12,15,210,0.308738564,0.297752996,46,0.219047619,0,0,0,0
TOTAL_corr,13,15,210,0.308738564,0.297752996,46,0.219047619,0,0,0,0
TOTAL_corr,14,13,156,0.31319165,0.309519181,34,0.217948718,0,0,0,0
TOTAL_corr,15,12,132,0.316695142,0.312098206,30,0.227272727,0,0,0,0
TOTAL_corr,16,11,110,0.33651244,0.328270155,30,0.272727273,0,0,0,0
TOTAL_corr,17,11,110,0.33651244,0.328270155,30,0.272727273,0,0,0,0
TOTAL_corr,18,10,90,0.347449219,0.342801475,28,0.311111111,0,0,0,0
TOTAL_corr,19,9,72,0.34819826,0.383397833,22,0.305555556,0,0,0,0
TOTAL_corr,20,8,56,0.368063191,0.460755189,20,0.357142857,0,0,0,0
TOTAL_corr,21,7,42,0.369557331,0.47416122,16,0.380952381,0,0,0,0
TOTAL_corr,22,7,42,0.369557331,0.47416122,16,0.380952381,0,0,0,0
TOTAL_corr,23,6,30,0.401537891,0.497211564,14,0.466666667,0,0,0,0
TOTAL_corr,24,5,20,0.385977958,0.498999692,10,0.5,0,0,0,0
TOTAL_corr,25,5,20,0.385977958,0.498999692,10,0.5,0,0,0,0
TOTAL_corr,26,5,20,0.385977958,0.498999692,10,0.5,0,0,0,0
TOTAL_corr,27,5,20,0.385977958,0.498999692,10,0.5,0,0,0,0
TOTAL_corr,28,5,20,0.385977958,0.498999692,10,0.5,0,0,0,0
TOTAL_corr,29,5,20,0.385977958,0.498999692,10,0.5,0,0,0,0
TOTAL_corr,30,5,20,0.385977958,0.498999692,10,0.5,0,0,0,0
TOTAL_corr,31,5,20,0.385977958,0.498999692,10,0.5,0,0,0,0
TOTAL_corr,32,5,20,0.385977958,0.498999692,10,0.5,0,0,0,0
TOTAL_corr,33,4,12,0.369566181,0.426054159,6,0.5,0,0,0,0
TOTAL_corr,34,4,12,0.369566181,0.426054159,6,0.5,0,0,0,0
TOTAL_corr,35,4,12,0.369566181,0.426054159,6,0.5,0,0,0,0
TOTAL_corr,36,4,12,0.369566181,0.426054159,6,0.5,0,0,0,0
TOTAL_corr,37,4,12,0.369566181,0.426054159,6,0.5,0,0,0,0
TOTAL_corr,38,4,12,0.369566181,0.426054159,6,0.5,0,0,0,0
TOTAL_corr,39,4,12,0.369566181,0.426054159,6,0.5,0,0,0,0
TOTAL_corr,40,4,12,0.369566181,0.426054159,6,0.5,0,0,0,0
TOTAL_corr,41,4,12,0.369566181,0.426054159,6,0.5,0,0,0,0
TOTAL_corr,42,4,12,0.369566181,0.426054159,6,0.5,0,0,0,0
TOTAL_corr,43,4,12,0.369566181,0.426054159,6,0.5,0,0,0,0
TOTAL_corr,44,4,12,0.369566181,0.426054159,6,0.5,0,0,0,0
TOTAL_corr,45,4,12,0.369566181,0.426054159,6,0.5,0,0,0,0
TOTAL_corr,46,4,12,0.369566181,0.426054159,6,0.5,0,0,0,0
TOTAL_corr,47,4,12,0.369566181,0.426054159,6,0.5,0,0,0,0
TOTAL_corr,48,4,12,0.369566181,0.426054159,6,0.5,0,0,0,0
TOTAL_corr,49,4,12,0.369566181,0.426054159,6,0.5,0,0,0,0
TOTAL_corr,50,4,12,0.369566181,0.426054159,6,0.5,0,0,0,0
TOTAL_corr,51,4,12,0.369566181,0.426054159,6,0.5,0,0,0,0
TOTAL_corr,52,4,12,0.369566181,0.426054159,6,0.5,0,0,0,0
TOTAL_corr,53,4,12,0.369566181,0.426054159,6,0.5,0,0,0,0
TOTAL_corr,54,4,12,0.369566181,0.426054159,6,0.5,0,0,0,0
TOTAL_corr,55,4,12,0.369566181,0.426054159,6,0.5,0,0,0,0
TOTAL_corr,56,4,12,0.369566181,0.426054159,6,0.5,0,0,0,0
TOTAL_corr,57,4,12,0.369566181,0.426054159,6,0.5,0,0,0,0
TOTAL_corr,58,4,12,0.369566181,0.426054159,6,0.5,0,0,0,0
TOTAL_corr,59,3,6,0.30155579,0.328270155,2,0.333333333,0,0,0,0
TOTAL_corr,60,3,6,0.30155579,0.328270155,2,0.333333333,0,0,0,0
TOTAL_corr,61,3,6,0.30155579,0.328270155,2,0.333333333,0,0,0,0
TOTAL_corr,62,3,6,0.30155579,0.328270155,2,0.333333333,0,0,0,0
TOTAL_corr,63,3,6,0.30155579,0.328270155,2,0.333333333,0,0,0,0
TOTAL_corr,64,3,6,0.30155579,0.328270155,2,0.333333333,0,0,0,0
TOTAL_corr,65,3,6,0.30155579,0.328270155,2,0.333333333,0,0,0,0
TOTAL_corr,66,2,2,0.523838163,0.523838163,2,1,0,0,0,0
TOTAL_corr,67,2,2,0.523838163,0.523838163,2,1,0,0,0,0
TOTAL_corr,68,2,2,0.523838163,0.523838163,2,1,0,0,0,0
TOTAL_corr,69,2,2,0.523838163,0.523838163,2,1,0,0,0,0
